Longitudes,Latitudes,Elevation,ExtSR,YearAvgI_HP,YearAvgI_IncP,OptSlopeAngle,YearAvgI_B,Ratio_D_G
73.035,21.275,29,1.367,173.9091667,188.6891667,27,169.6,0.3808
72.261,22.644,14,1.367,175.58,191.2808,27,169.35,0.374167
70.082,23.453,6,1.367,177.6717,189.7625,25,156.7592,0.42
71.875,25.437,65,1.367,178.015,195.0083,28,170.9675,0.361667
73.773,25.691,318,1.367,175.2042,193.4175,29,168.5325,0.368333
73.949,24.609,510,1.367,168.9333,187.8917,30,167.5033,0.3825
74.898,24.289,481,1.367,170.5442,188.9717,29,169.1917,0.373333
75.707,22.904,517,1.367,167.6941667,183.6,28,163,0.3842
75.215,24.832,472,1.367,169.7233333,188.4408333,30,167.3,0.3775
73.633,21.537,240,1.367,172.8408333,187.9608333,27,167.8,0.3858
74.687,21.373,136,1.367,171.4358333,186.1066667,27,166.7,0.3858
75.847,22.968,511,1.367,167.4708333,183.405,28,163.3,0.38
76.34,21.961,299,1.367,173.3525,188.965,28,169.9,0.3675
76.129,21.308,273,1.367,171.3041667,186.11,27,164.7,0.3833
75.988,20.651,375,1.367,165.6366667,179.4666667,27,155.6,0.4067
77.289,22.124,538,1.367,172.0075,187.4816667,28,166.2,0.3758
77.324,25.596,417,1.367,167.9858333,185.6575,29,159.4,0.385
77.183,24.353,422,1.367,169.0216667,186.6408333,29,166.1,0.3775
77.886,24.737,450,1.367,166.6766667,184.52,30,159.8,0.3892
78.097,23.936,410,1.367,165.1516667,182.1633333,29,157.5,0.3933
77.886,23.485,426,1.367,166.525,183.0225,28,159.6,0.385
78.097,22.742,322,1.367,166.0808333,181.6291667,28,157.6,0.3917
79.082,20.19,210,1.367,168.0483333,181.53,26,159,0.3892
78.554,21.733,562,1.367,165.4775,181.1908333,28,161,0.3933
79.609,20.421,231,1.367,166.7966667,180.6558333,26,157.8,0.3908
79.609,21.896,559,1.367,166.165,181.3566667,28,159.5,0.395
79.293,23.55,406,1.367,163.2458333,179.5358333,29,153.2,0.4042
79.047,24.992,254,1.367,165.7533333,183.7558333,30,157.1,0.395
78.73,25.818,176,1.367,164.0216667,180.52,29,148.4,0.41
79.539,25.912,136,1.367,163.2866667,179.355,29,146.5,0.415
79.715,25.374,181,1.367,162.9483333,178.4258333,28,146.3,0.4142
79.939,24.357,308,1.367,164.1091667,181.3841667,29,154.1,0.3992
79.833,23.811,41,1.367,164.4475,180.8291667,29,153.9,0.4
79.622,22.908,42,1.367,165.1983333,180.8458333,28,154.7,0.4017
79.693,22.226,507,1.367,162.5733333,178.2008333,28,155.8,0.41
79.728,21.508,321,1.367,165.5808333,180.48,27,158,0.3958
79.447,20.161,239,1.367,168.5008333,181.8008333,26,159.3,0.3858
80.079,20.326,216,1.367,168.0241667,181.4216667,26,157.7,0.3925
80.325,21.867,568,1.367,164.4941667,179.6558333,28,155.4,0.3942
79.715,25.374,423,1.367,162.9483333,178.4258333,28,146.3,0.4142
79.868,24.485,300,1.367,164.6183333,181.6283333,29,152.8,0.3992
79.868,24.485,210,1.367,164.6183333,181.6283333,29,152.8,0.3992
79.376,25.123,155,1.367,163.5125,179.31,29,148.3,0.4092
78.919,26.011,154,1.367,163.1866667,179.6558333,29,146.9,0.4108
78.497,26.955,122,1.367,163.0758333,180.7175,30,146.8,0.4175
80.255,25.885,129,1.367,166.4890909,179.8081818,29,145.1,0.42
80.361,25.473,151,1.367,161.215,176.0358333,28,142.2,0.4225
80.325,25.06,347,1.367,161.1925,175.6408333,28,141.8,0.4217
80.958,24.357,372,1.367,161.7158333,177.7041667,29,148.9,0.4042
80.818,23.876,450,1.367,161.8441667,177.8658333,29,150.3,0.4017
80.993,23.392,695,1.367,161.6608333,177.145,28,149.4,0.4008
80.923,24.325,345,1.367,161.715,177.6525,29,148.8,0.4042
80.536,25.948,113,1.367,161.6083333,176.8216667,28,141.7,0.4242
80.501,25.441,127,1.367,159.8291667,174.6816667,29,139.7,0.4317
80.923,23.683,467,1.367,160.5541667,176.2666667,29,148.4,0.405
80.923,23.102,714,1.367,161.9433333,177.0158333,28,149.6,0.4008
81.134,21.835,349,1.367,163.1591667,178.0683333,28,153.7,0.4058
80.818,21.246,350,1.367,161.8966667,176.3475,28,151.7,0.4083
80.642,20.458,409,1.367,167.3883333,180.5558333,26,155,0.3933
81.521,20.524,415,1.367,163.1258333,176.2916667,27,151.3,0.4083
81.767,21.9,271,1.367,159.3483333,174.2366667,28,148.3,0.4192
81.802,23.457,151,1.367,164.2675,179.1425,28,153.9,0.3892
81.802,24.773,351,1.367,160.71,176.91,29,146.1,0.4108
81.697,25.726,98,1.367,160.7283333,175.4966667,28,140,0.4283
82.611,25.25,85,1.367,157.4875,170.8733333,28,134.2,0.4417
83.138,26.074,77,1.367,156.4108333,170.0966667,28,133.1,0.445
83.736,24.613,544,1.367,147.1175,162.9816667,30,135.7,0.4055
84.122,23.586,78,1.367,161.685,175.9691667,28,146.3,0.4033
84.052,22.713,546,1.367,161.2733333,175.3816667,27,148.2,0.3975
84.052,22.713,499,1.367,161.2733333,175.3816667,27,148.2,0.3975
84.368,21.9,275,1.367,165.03,179.73,27,153.3,0.3983
84.439,20.491,198,1.367,158.83,169.6933333,25,131.5,0.415
84.896,20.161,162,1.367,165.2275,178.0391667,26,151.1,0.3992
85.212,21.344,175,1.367,157.3075,170.695,27,140.8,0.4258
85.353,23.425,618,1.367,161.1908333,175.785,28,144.2,0.4158
85.036,24.485,171,1.367,163.0716667,177.515,28,145.8,0.4108
84.861,25.314,65,1.367,154.6766667,167.2641667,28,129.2,0.455
85.529,26.264,58,1.367,156.7858333,170.2216667,28,133.9,0.4425
85.458,25.123,61,1.367,154.7733333,166.9175,27,127.9,0.455
85.95,24.581,207,1.367,149.0325,164.2708333,29,135.7,0.4
86.126,23.94,364,1.367,162.1375,176.8591667,28,143.9,0.4142
86.618,23.166,169,1.367,161.7825,176.13,28,143.4,0.4142
86.232,22.03,454,1.367,158.9258333,171.1825,26,133.6,0.425
85.529,20.918,59,1.367,157.6875,170.0283333,26,138.7,0.4275
86.724,20.655,6,1.367,158.1283333,170.0708333,26,136.1,0.4292
87.111,22.583,84,1.367,160.3216667,173.8758333,27,139.2,0.425
87.462,24.293,109,1.367,148.5316667,164.125,30,133.6,0.4109
87.392,25.536,37,1.367,156.8183333,169.755,27,133.4,0.4458
88.306,26.232,64,1.367,144.4383333,160.1733333,30,120.7,0.4758
88.482,27.237,551,1.367,138.4308333,152.0833333,29,108.1,0.4825
89.536,26.39,42,1.367,142.3833333,158.6591667,30,122,0.4567
90.626,25.853,235,1.367,145.1516667,162.0883333,30,127,0.4392
91.224,26.484,45,1.367,120.505,133.3258333,30,90.32,0.5467
92.208,25.631,1009,1.367,146.5041667,161.7216667,29,122.6,0.435
93.017,25.187,614,1.367,147.1316667,161.5925,30,121,0.445
92.771,24.357,100,1.367,148.6008333,162.415,28,124.1,0.4333
92.665,22.972,148,1.367,146.45,157.0808333,25,110.8,0.4583
94.072,26.358,108,1.367,138.665,154.075,29,118.6,0.4583
95.161,27.985,390,1.367,116.6608333,130.92,30,98.94,0.485
75.65,20.425,651,1.367,167.8541667,181.6416667,27,159.6,0.3933
91.692,26.195,187,1.367,139.66,155.62,30,119.49,0.46
68,26,81,1.367,182.27,198.2,27,177.98,0.35
73.32,28.008,226,1.367,167.87,185.31,29,153.4,0.397
73.053,26.244,211,1.367,147.97,193.63,29,168.52,0.36
69,26,20,1.367,182.005,181.79,27,176.885,0.35
70.14,26.12,68,1.367,183.68,200.73,28,175.28,0.3625
71.51,26.13,223,1.367,182.47,200.275,28,172.89,0.3675
72.32,26.23,191,1.367,179.87,197.22,28,175.54,0.35
73.432,26.25,246,1.367,174.92,193.51,29,142.81,0.364
74.12,26.2,351,1.367,174.71,193.49,29,168.01,0.37
75.206,26.3,346,1.367,171.25,189.75,30,151.61,0.37
76.126,26.2,251,1.367,170.74,188.975,30,164.62,0.3725
77.226,26.2,196,1.367,168.148,186.858,30,159.769,0.3858
78.226,26.3,188,1.367,165.148,182.258,30,144.17,0.39
79.211,26.1,151,1.367,162.9,179.17,29,145.809,0.4167
80.312,26.126,122,1.367,161.014,176.4209,29,141.39,0.42667
81.201,26.206,111,1.367,163.14,178.25,28,146.15,0.4133
82.121,26.26,96,1.367,160.625,175.95,29,140.065,0.4308
83.221,26.16,80,1.367,156.41,170.109,28,133.3679,0.4458
84.11,26.23,67,1.367,155.465,169.187,28,133.3383,0.4475
85.375,26.117,55,1.367,157.057,170.3158,28,142.0245,0.442
86.227,26.274,61,1.367,157.897,171.493,28,154.7158,0.4333
87.026,26.255,64,1.367,161.6225,176.0017,28,146.5767,0.405
88.002,26.105,54,1.367,147.9308,163.8033,30,124.7124,0.456
89.155,26.164,51,1.367,146.08,161.9467,30,124.3358,0.455
90.004,26.017,28,1.367,142.8117,159.6858,31,124.5283,0.4542
91.111,26.078,40,1.367,145.965,163.2492,30,130.1825,0.435
92.147,26.195,56,1.367,146.4775,163.2508,30,130.8317,0.432
93.029,26.11,82,1.367,144.1292,160.0833,29,125.2383,0.4433
94.101,26.203,615,1.367,140.59,155.856,29,120.5675,0.4525
95.028,26.2,1354,1.367,126.2642,138.1217,29,95.12,0.509
96.236,26.095,531,1.367,104.9858,113.0125,26,64.5947,0.6183
97.379,26.16,416,1.367,113.2442,124.2775,30,84.4767,0.54667
68,28,47,1.367,178.3442,196.4675,28,174.24,0.3583
69.194,28.284,69,1.367,182.4692,201.8817,29,178.933,0.3608
70.143,28.206,74,1.367,177.885,196.2458,28,166.4083,0.3825
71.267,28.237,99,1.367,173.6975,190.9992,28,161.3817,0.38416
72.181,28.376,127,1.367,172.135,189.4675,28,158.8367,0.39167
73.315,28.015,228,1.367,167.8658,185.3183,29,153.4085,0.3975
74.272,28.105,287,1.367,166.6367,184.255,29,153.7038,0.399
75.021,28.285,289,1.367,163.0638,180.9967,30,146.3692,0.4108
76.058,28.06,325,1.367,162.848,180.155,30,145.8085,0.4075
77.13,28.285,242,1.367,161.3842,178.3052,29,143.6608,0.4175
78.014,28.225,198,1.367,160.1008,176.9542,30,143.09,0.41833
79.12,28.045,170,1.367,159.76,176.5508,29,144.5042,0.4158
80.004,28,158,1.367,159.5158,176.4083,30,153.1967,0.3875
81.331,28.12,143,1.367,156.195,177.5725,33,152.3625,0.405
82.267,28.105,616,1.367,163.995,187.443,32,169.993,0.3542
83.151,28.045,1304,1.367,155.143,176.8817,33,153.0283,0.3716
84.053,28,907,1.367,171.4875,198.5833,33,190.2825,0.33166
85.065,28.135,1927,1.367,147.0783,165.555,30,135.1492,0.39166
86.553,28.045,6424,1.367,175.5658,201.1242,32,194.405,0.305
87.087,28.195,5192,1.367,151.3958,171.0383,31,144.3967,0.36
88.135,28.21,4404,1.367,169.4692,196.8608,33,198.5625,0.309
89.053,28.15,4858,1.367,165.65,192.389,34,187.0417,0.3258
90.091,28.15,6221,1.367,147.9633,168.4408,32,144.575,0.3875
91.06,28.06,3430,1.367,154.6558,170.325,29,150.9358,0.33166
92.081,28,5189,1.367,166.5117,185.9858,20,181.9983,0.3192
93.101,28.165,2942,1.367,139.995,159.18,32,130.5817,0.4316
94.156,28.06,421,1.367,135.9292,153.4908,31,114.2383,0.4642
95.245,23.015,243,1.367,110.4775,123.765,30,87.23,0.54
96.163,28.135,1090,1.367,92.695,99.475,25,52.5275,0.62667
97.082,28.15,2775,1.367,102.2258,112.03,27,72.4058,0.5642
68,30,826,1.367,177.2733,198.277,29,178.434,0.3267
69.043,30.095,950,1.367,177.45,200.072,30,199.1833,0.30167
70.115,30.162,1906,1.367,149.8167,167.4025,30,128.6675,0.4375
71.077,30.149,123,1.367,160.0708,178.0825,30,143.2083,0.415
72.071,30.229,136,1.367,159.12,175.9208,29,137.67,0.4342
73.112,30.216,158,1.367,158.9108,174.845,29,138.4558,0.43
74.074,30.041,182,1.367,159.2083,174.9642,29,139.7375,0.4283
75.053,30.189,207,1.367,158.8967,175.3708,29,142.311,0.4191
76.091,30.161,243,1.367,158.3233,175.3642,29,144.3517,0.415
77.273,30.125,278,1.367,159.6575,177.6975,30,151.9983,0.395
78.142,30.001,628,1.367,158.8792,181.4842,32,168.7025,0.34
79.153,30.014,2579,1.367,132.3617,150.3917,31,120.2842,0.48166
80.135,30.075,2609,1.367,173.555,197.165,31,191.0558,0.26
81.161,30.125,4501,1.367,165.4983,182.9382,29,169.6317,0.2941
82.186,30.137,5574,1.367,101.4075,102.5625,12,63.3533,0.6641
83.14,30.186,4608,1.367,176.9767,203.4367,32,215.0867,0.27
84.151,30.149,5478,1.367,162.4942,186.6708,33,174.2067,0.334
85.062,30.149,5932,1.367,163.6433,183.34,30,164.056,0.344167
86.045,30.125,5058,1.367,173.56,198.6133,32,196.0147,0.2891
87.084,30.137,5107,1.367,174.9242,202.1033,33,199.1883,0.2841
88.195,30.051,5431,1.367,165.6433,189.9875,32,176.3383,0.3133
89.092,30.088,4549,1.367,147.6775,165.339,30,135.2143,0.37588
90.06,30.186,5100,1.367,152.1083,175.7508,33,159.1683,0.3716
91.114,30.42,5172,1.367,143.54,155.23,29,129.495,0.395
92.082,30.161,5069,1.367,143.6567,161.9408,31,127.6292,0.3883
93.165,30.088,4049,1.367,118.0683,127.265,27,79.79917,0.5333
94.076,30.174,5760,1.367,123.1317,135.9875,29,98.0058,0.5158
95.158,30.272,5987,1.367,127.6167,142.072,30,109.099,0.5008
96.098,30.088,4874,1.367,128.9033,141.8322,29,101.7958,0.49916
97.052,30.026,3259,1.367,136.548,152.3858,30,116.0525,0.43416
77.977,27.192,170,1.367,162.6058,180.2175,30,146.5317,0.4183
76.569,28.901,220,1.367,161.9,179.1975,30,144.0517,0.42
77.226,28.656,225,1.367,161.0242,178.2383,29,143.9392,0.4225
78.13,30.574,2136,1.367,136.3217,152.6558,31,119.2417,0.411667
77.174,31.093,2026,1.367,151.8183,170.0533,31,138.8683,0.4025
88.412,26.684,113,1.367,119.0292,129.6775,28,86.0775,0.56333
88.61,27.291,911,1.367,115.4325,125.8333,28,78.92917,0.5625
89.656,27.49,2734,1.367,121.5617,132.9358,28,88.6733,0.5075
74.805,14.201,533,1.367,172.1091667,179.9633333,20,158.6466667,0.383333333
76.051,14.095,630,1.367,178.3891667,186.3141667,20,160.2375,0.398333333
78.011,14.026,573,1.367,178.1275,185.165,19,160.5616667,0.39
80.067,14.026,9,1.367,176.5316667,182.0341667,17,156.1016667,0.39
74.029,15.056,160,1.367,170.2016667,177.9825,21,149.6266667,0.3975
76.06,15.064,525,1.367,175.8475,184.6908333,22,159.8241667,0.401666667
78.02,15.013,269,1.367,177.4333333,185.6725,21,159.8683333,0.393333333
80.041,15.056,10,1.367,168.4275,175.3066667,20,144.9641667,0.411666667
73.504,16.073,63,1.367,168.0108333,177.9091667,23,157.2508333,0.389166667
75.508,16.065,602,1.367,173.1916667,182.6041667,22,155.7291667,0.41
77.52,16.048,367,1.367,172.9641667,182.2916667,22,156.5908333,0.400833333
79.572,16.014,93,1.367,173.57,182.3616667,21,156.5683333,0.395833333
81.124,16.031,8,1.367,166.2433333,173.6908333,20,140.1558333,0.425833333
73.348,17.037,58,1.367,166.4608333,177.2725,24,156.48,0.390833333
75.369,17.154,587,1.367,173.2858333,183.7825,23,158.7875,0.3975
77.373,17.003,502,1.367,172.2941667,182.8008333,23,155.7983333,0.415454546
79.394,17.003,179,1.367,170.2216667,180.1491667,23,153.2183333,0.4025
81.806,16.934,24,1.367,168.2975,177.1116667,22,146.495,0.411666667
73.039,18.067,18,1.367,167.6516667,179.135,25,161.3233333,0.3775
75.061,18.034,467,1.367,170.5525,181.6658333,24,156.935,0.400833333
77.056,18.017,601,1.367,172.8891667,183.9841667,24,154.6881818,0.396666667
79.086,18.034,439,1.367,171.7066667,183.0058333,24,159.8091667,0.386666667
81.081,18.034,125,1.367,167.9191667,178.8958333,24,152.7033333,0.394166667
83.085,18.042,93,1.367,159.8541667,170.9825,25,143.5141667,0.420833333
73.004,19.017,1,1.367,169.02,181.9525,26,161.6441667,0.389166667
75.096,19.034,644,1.367,173.4016667,185.5825,25,163.0691667,0.391666667
77.091,19.034,370,1.367,173.65,185.8166667,25,162.2166667,0.3925
79.095,19.092,199,1.367,169.8783333,182.2641667,25,157.4708333,0.391666667
81.09,18.992,319,1.367,167.7591667,180.0716667,25,156.4491667,0.388333333
83.147,19,1050,1.367,161.89,173.5725,25,143.9225,0.401666667
84.321,18.992,963,1.367,160.1008333,171.9483333,25,141.545,0.413333333
72.895,20.086,47,1.367,175.4458333,188.7,26,170.6358333,0.369166667
75.005,20.284,720,1.367,168.62625,180.5647222,26,155.6390152,0.394652778
77.009,20.152,528,1.367,169.6016667,182.7691667,26,162.4141667,0.385
81.087,20.086,358,1.367,166.0616667,178.7633333,26,154.35,0.4025
83.126,20.185,191,1.367,166.3716667,179.075,26,151.8791667,0.396666667
85.552,20.119,71,1.367,161.955,174.1766667,26,145.7175,0.408333333
68,33,2067,1.367,167.8951833,180.2754,27,155.442425,0.394623917
68,34,3034,1.367,167.4363069,179.8331417,28,154.8068604,0.394870326
68,35,2307,1.367,166.9184992,179.3345118,30,154.1893738,0.395067854
68,36,1965,1.367,166.6718491,179.0903711,29,153.9159216,0.395351258
68,37,336,1.367,166.5812365,179.0085937,32,153.7048151,0.395936113
68,38,784,1.367,166.9721729,179.4616015,28,154.520008,0.395458539
70,33,1022,1.367,167.5447873,180.08771,31,155.6012587,0.393969001
70,34,3222,1.367,166.8863696,179.3700192,31,154.3483802,0.396035834
70,35,2043,1.367,166.7413754,179.2704624,30,154.2408286,0.39615107
70,36,3409,1.367,166.503015,178.9789009,28,153.5597143,0.397080326
70,37,1179,1.367,166.5397913,178.9968677,31,153.4938571,0.396628686
70,38,1473,1.367,166.5537989,178.9903567,30,153.6284119,0.396625494
72,33,307,1.367,166.9370321,179.3914947,32,154.2876545,0.395649868
72,34,299,1.367,166.8571862,179.317836,32,154.1914237,0.395735364
72,35,1479,1.367,166.8089261,179.2748938,31,154.1401373,0.395807451
72,36,2442,1.367,166.7997951,179.2699256,21,154.1360342,0.395869084
72,37,5163,1.367,166.8104572,179.2848885,25,154.154377,0.395912236
72,38,3901,1.367,166.8295589,179.3079131,23,154.1918405,0.395910246
74,33,344,1.367,166.8176744,179.2951057,32,154.1644932,0.395947888
74,34,2326,1.367,166.7570817,179.2290554,30,154.0447627,0.396112796
74,35,3824,1.367,166.7463077,179.2173084,28,154.0194612,0.396119209
74,36,4013,1.367,166.7467187,179.2128789,25,154.001014,0.396116554
74,37,5174,1.367,166.7670274,179.232377,17,154.0377889,0.39603624
74,38,4025,1.367,166.7859637,179.2520028,32,154.0831166,0.395986869
76,33,2875,1.367,166.8053108,179.2738067,28,154.1210086,0.39593365
76,34,5389,1.367,166.794334,179.2639993,25,154.1071215,0.395957299
76,35,4298,1.367,166.7890963,179.2595129,30,154.1000963,0.395975793
76,36,5131,1.367,166.7874438,179.2582312,22,154.0967596,0.395989822
76,37,3444,1.367,166.7864146,179.2572567,31,154.0934867,0.395999883
76,38,3205,1.367,166.784411,179.254954,32,154.0884125,0.396007187
78,33,4875,1.367,166.7806487,179.2505407,32,154.0797935,0.396015266
78,34,5348,1.367,166.7775632,179.246827,27,154.0727352,0.396020881
78,35,4647,1.367,166.77927,179.248308,22,154.0750662,0.396013221
78,36,4637,1.367,166.7820168,179.2508913,34,154.0797,0.396004389
78,37,4355,1.367,166.7849584,179.254059,37,154.0862571,0.395995042
78,38,1279,1.367,166.7864526,179.2558658,35,154.0902961,0.395991609
80,33,5784,1.367,166.7864933,179.2561877,29,154.0908944,0.395992004
80,34,5711,1.367,166.7849252,179.2547195,23,154.0883849,0.395996866
80,35,4952,1.367,166.7841412,179.2539461,36,154.0868235,0.396000164
80,36,3520,1.367,166.7837282,179.2534822,34,154.0857175,0.396002194
80,37,1435,1.367,166.7834186,179.2530865,37,154.0847973,0.396003225
80,38,1240,1.367,166.7831689,179.252739,37,154.0840732,0.396003504
82,33,4701,1.367,166.3,191.45,34,185.835,0.309167
82,34,5777,1.367,119.4625,130.1683,29,91.63333,0.538333
82,35,5071,1.367,136.2917,161.7167,38,141.0025,0.4125
82,36,4466,1.367,140.5525,160.02,34,113.6575,0.460833
82,37,1437,1.367,147.5933,174.1275,38,134.935,0.438333
82,38,1219,1.367,144.1992,168.9092,37,128.8683,0.4525
84,33,4585,1.367,158.4733,184.6592,35,178.4592,0.33
84,34,5551,1.367,123.9817,142.1592,35,105.7275,0.488333
84,35,5163,1.367,131.425,153.495,37,126.0317,0.455
84,36,5136,1.367,131.4758,154.3383,37,122.55,0.4475
84,37,2392,1.367,152.6267,181.075,38,145.6033,0.418333
84,38,1264,1.367,147.8433,174.71,38,139.0017,0.431667
86,33,4904,1.367,154.8992,179.3492,35,169.0433,0.353333
86,34,4982,1.367,121.0017,139.4842,36,108.445,0.5
86,35,5048,1.367,126.7825,149.6667,38,128.34,0.439167
86,36,4919,1.367,134.575,157.5133,37,133.625,0.439167
86,37,4898,1.367,133.8817,159.61,39,127.1567,0.459167
86,38,1442,1.367,149.4192,175.9833,37,140.86,0.429167
88,33,5054,1.367,139.1908,159.7517,35,139.3625,0.413333
88,34,5107,1.367,146.1992,170.7125,36,151.95,0.3875
88,35,5088,1.367,142.1975,165.6092,36,139.6533,0.403333
88,36,4848,1.367,132.0442,154.9617,37,128.8125,0.4325
88,37,4599,1.367,148.8592,178.0358,38,155.1517,0.386667
88,38,4059,1.367,148.5725,175.5483,38,139.9867,0.425
90,33,5097,1.367,144.1917,165.8017,34,148.8708,0.389167
90,34,4988,1.367,125.3058,144.1708,36,114.375,0.48
90,35,4927,1.367,128.3917,150.9025,37,125.8217,0.445833
90,36,5020,1.367,127.345,147.1742,36,119.5192,0.46
90,37,4107,1.367,141.4358,169.6483,39,149.5042,0.383333
90,38,3396,1.367,147.5608,176.7383,39,149.4817,0.409167
92,33,5078,1.367,133.445,149.5317,33,121.9908,0.45
92,34,4755,1.367,140.3875,163.2658,36,140.7375,0.410833
92,35,4923,1.367,128.5292,146.4408,35,120.445,0.465833
92,36,4911,1.367,117.4875,133.7442,35,91.08083,0.55
92,37,3728,1.367,117.7733,136.5358,37,102.01,0.513333
92,38,2708,1.367,157.0833,188.3767,39,168.4925,0.3725
94,33,4790,1.367,134.6408,153.1842,34,128.0308,0.435833
94,34,4658,1.367,141.6625,165.0275,36,143.4167,0.400833
94,35,4844,1.367,142.4192,169.0175,38,147.8158,0.383333
94,36,4409,1.367,151.0525,177.9367,37,153.8417,0.368333
94,37,2700,1.367,156.8217,185.5067,37,161.8558,0.369167
94,38,2772,1.367,160.6567,191.1292,38,173.0383,0.359167
96,33,5017,1.367,117.6317,133.34,34,95.58083,0.5275
96,34,4692,1.367,125.9383,142.55,34,103.9767,0.475833
96,35,4665,1.367,121.6083,141.13,37,108.8192,0.4925
96,36,3842,1.367,155.9367,183.0975,37,157.6708,0.39
96,37,2705,1.367,161.96,193.3125,38,175.7375,0.348333
96,38,4244,1.367,138.6025,157.9417,34,131.6417,0.455
98,33,4372,1.367,107.4092,115.0492,27,73.76917,0.583333
98,34,4623,1.367,111.14,120.2217,28,82.83167,0.561667
98,35,4235,1.367,125.65,142.32,34,112.815,0.493333
98,36,3390,1.367,152.1808,179.2508,37,161.225,0.356667
98,37,2948,1.367,150.75,180.2675,38,163.6,0.36
98,38,4176,1.367,141.8467,170.7208,39,152.6192,0.385833
98,38,4176,1.367,141.8467,170.7208,39,152.6192,0.385833
74.804,13.017,3,1.367,174.0175,180.86,18,159.7691667,0.379166667
76.773,13.009,800,1.367,167.9464931,179.8818519,19,155.1674179,0.393582176
78.728,12.987,404,1.367,179.4575,185.2225,17,159.155,0.386666667
80.262,13.043,12,1.367,176.885,182.0375,17,157.7383333,0.378333333
74.017,15.08,114,1.367,171.5375,180.3533333,22,156.2708333,0.395833333
76.021,15.021,566,1.367,169.8339091,180.3627006,22,155.8567861,0.391936246
78.038,15.051,366,1.367,177.3033333,185.4241667,20,158.7808333,0.393333333
80.038,15.076,5,1.367,168.4275,175.33,20,144.9825,0.411666667
73.301,17.019,55,1.367,166.4908333,177.35,24,156.9175,0.390833333
75.314,17.031,678,1.367,173.7475,184.1925,23,158.92,0.4
77.076,17.048,439,1.367,174.1075,184.625,23,158.5341667,0.400833333
79.036,17.069,267,1.367,171.8091307,180.8180183,23,155.6508364,0.394209869
81.506,17.031,62,1.367,166.9825,176.0633333,22,144.69,0.419166667
72.884,19.045,6,1.367,170.4983333,183.2033333,26,163.685,0.385
74.932,19.066,730,1.367,155.1533333,168.9958333,28,144.3408333,0.445833333
73.837,19.127,811,1.367,159.4908333,170.7291667,25,137.765,0.421666667
75.819,19.119,477,1.367,174.7841667,187.0308333,25,165.85,0.3825
76.852,19.032,383,1.367,173.9183333,186.09,25,162.0075,0.393333333
77.884,19.003,372,1.367,171.5216667,183.6925,25,158.6741667,0.390833333
78.886,19.011,213,1.367,170.2258333,182.6083333,25,157.3408333,0.3925
79.879,19.057,119,1.367,169.5933333,182.1525,25,157.0775,0.395833333
80.868,19.098,288,1.367,168.0433333,180.59,25,156.6733333,0.393333333
81.813,19.073,669,1.367,162.4575,174.785,26,150.35,0.410833333
82.811,19.09,720,1.367,162.6891667,174.4766667,25,143.9166667,0.406666667
83.839,19.04,119,1.367,156.1741667,167.7775,26,137.1825,0.434166667
74.017,17.014,603,1.367,166.8725,177.8733333,24,151.4391667,0.41
76.104,17.001,476,1.367,172.13,182.47,23,156.1558333,0.4025
78.06,17.039,610,1.367,168.17,178.7725,24,151.7216667,0.414166667
80.042,17.009,84,1.367,170.0775,179.4916667,22,150.4116667,0.4025
82.143,17.014,8,1.367,167.2583333,176.4158333,22,145.2241667,0.414166667
77.486,8.135,14,1.367,178.2775,181.27,12,158.37,0.3667
78.45,9.235,18,1.367,183.1367,185.47,11,159.47,0.375
78.45,10.235,171,1.367,185.44,188.51,12,161.63,0.3742
78.64,11.235,279,1.367,182.69,186.67,14,159.31,0.3817
78.73,12.335,316,1.367,179.32,183.92,16,154.67,0.3967
79.23,13.135,260,1.367,179.59,185.39,18,160.12,0.3817
79.93,13.845,34,1.367,177.51,184.17,19,159.76,0.3883
80.03,14.345,7,1.367,175.5,181.41,18,156.27,0.3875
97.93,14.885,10,1.367,156.31,163.79,22,134.12,0.4267
99.84,14.935,41,1.367,158.65,165.79,21,128.17,0.4575
72.923,5.006,10,1.367,180.39,181.4,10,166.87,0.3425
73.032,5.063,7,1.367,180.61,181.63,6,167.88,0.34
68,27,45,1.367,182.06,200.35,28,178.69,0.35
68,27,45,1.367,182.25,201.84,29,178.51,0.3608
69.925,28.962,126,1.367,177.42,197.62,29,178.02,0.3525
70.673,29.365,94,1.367,172.08,191.68,30,162.11,0.3825
71.881,28.461,120,1.367,172.76,190.17,28,159.71,0.3908
72.211,28.519,127,1.367,172.04,189.45,28,158.66,0.3917
72.804,29.193,144,1.367,166.61,184.59,29,150.35,0.4083
73.276,28.914,156,1.367,167.14,184.75,29,151.26,0.4067
74.639,30.252,198,1.367,159.07,175.05,29,140.22,0.4292
74.287,29.26,209,1.367,164.72,182.73,30,148.43,0.41
75.034,28.722,224,1.367,164.06,181.35,29,146.25,0.4133
76.309,30.29,249,1.367,157.57,174.99,30,144.82,0.4117
77.012,28.76,213,1.367,161.27,178.61,30,143.18,0.4233
78.286,27.286,166,1.367,162.36,179.89,30,146.05,0.4183
79.736,29.029,226,1.367,161.89,181.76,31,155.99,0.3867
80.439,28.722,200,1.367,158.04,181.7,33,160.76,0.38
81.142,27.754,126,1.367,159.37,178.2,31,153.84,0.385
82.812,29.871,5096,1.367,138.06,155.37,31,122.54,0.4892
84.436,32.614,4848,1.367,150.34,176.97,35,161.46,0.3708
87.778,30.706,5092,1.367,159.51,184.5,33,172.33,0.3508
85.845,27.676,1881,1.367,165.84,185.94,30,160.32,0.3708
84.043,26.108,61,1.367,155.89,169.55,28,133.04,0.4458
91.601,29.26,3549,1.367,149.31,174.25,35,155.55,0.4042
91.25,27.831,4221,1.367,162.29,183.95,31,169.29,0.3033
92.568,26.108,96,1.367,146.44,162.57,29,125.07,0.4392
89.36,24.879,19,1.367,154.37,169.6,28,128.45,0.455
93.14,33.498,4684,1.367,152.02,173.13,24,157.35,0.3617
97.71,32.019,4016,1.367,132.07,147.67,30,113.26,46.58
92.085,31.721,4614,1.367,162.59,188.45,33,176.82,0.3325
89.8,24.439,7,1.367,153.75,167.56,28,125.88,0.4592
81.362,28.664,133,1.367,152.84,173.87,33,145.85,0.4258
84.526,25.871,55,1.367,155.77,168.9,28,132.21,0.45
78.55,26.973,150,1.367,163.02,180.77,30,146.23,0.4167
89.8,23.637,8,1.367,154.88,167.85,27,126.15,0.4567
78.374,24.759,373,1.367,166.88,187.74,30,159.02,0.3883
78.022,23.637,430,1.367,165.41,181.89,29,157.9,0.3925
85.933,22.342,256,1.367,161.84,176.51,28,145.57,0.4117
71.167,23.314,1,1.367,168.35,181.28,27,140.77,0.4633
87.339,22.017,19,1.367,159.67,173.39,27,141.61,0.4158
95.952,28.064,359,1.367,101.54,112.7,28,79.458,0.5658
94.194,28.374,2095,1.367,128.93,143.84,30,95.043,0.5008
92.964,27.598,1352,1.367,136.8,153.44,30,118.65,0.45
94.194,26.502,340,1.367,131.9,147.07,30,107.63,0.4992
93.14,25.396,268,1.367,144.57,158.24,28,115.58,0.4542
92.788,23.314,750,1.367,149.52,161.09,26,120.2,0.4375
88.218,22.342,4,1.367,144.6,157.94,28,124.28,0.4273
77.494,34.662,4489,1.367,160.5,188.73,35,180.48,0.3233
75.034,33.79,1602,1.367,129.81,145.99,30,177.46,0.4683
75.561,32.614,836,1.367,151.72,170.96,30,155.7,0.355
81.89,29.909,2602,1.367,116.2,127.05,29,79.036,0.5108
82.768,28.219,1894,1.367,164.55,191.07,34,182.68,0.3383
86.636,27.754,4261,1.367,176.4,196.42,29,190.52,0.2442
63.257,32.165,782,1.367,182.16,203.77,30,206.72,0.3025
67.475,32.317,2281,1.367,179.95,204.1,30,207.48,0.2883
70.64,37.642,2710,1.367,132.6,144.03,26,123.42,0.4742
62.905,25.713,88,1.367,194.76,213.34,26,207.3,0.3033
68.179,24.759,11,1.367,180.28,198.1,28,175.16,0.3642
74.507,32.614,242,1.367,152.88,173.04,31,154.8,0.3767
